<pagescount>
	<total_html_pages>5</total_html_pages>
	<html>5</html>
	<img>5</img>
	<js>3</js>
	<css>1</css>
	<pdf>0</pdf>
	<xml>0</xml>
	<txt>0</txt>
	<fonts>24</fonts>
	<is_pretty_url>false</is_pretty_url>
	<is_ebn>false</is_ebn>
	<theme_name>WDO_theme</theme_name>
	<server_url_front_page>https://www.waybackmachinedownloader.com/website-downloader-online/scraping/files/live/bitcoinbit.cf_rotsenmondoy14_gmail.com_8vgvqdw6wxq</server_url_front_page>
	<hosted_domain>hosted_domain</hosted_domain>
</pagescount>